text,intent
Kapan pendaftaran santri baru dibuka tahun ini?,info_pendaftaran
Mohon info jadwal penerimaan santri baru pondok ini,info_pendaftaran
Pendaftaran santri baru biasanya mulai bulan apa?,info_pendaftaran
Saya ingin tahu periode pendaftaran gelombang pertama,info_pendaftaran
Apakah pendaftaran masih dibuka saat ini?,info_pendaftaran
Kapan jadwal resmi pendaftaran santri diumumkan?,info_pendaftaran
Tahun ini ada berapa gelombang pendaftaran?,info_pendaftaran
Apakah sudah buka pendaftaran untuk tahun ajaran depan?,info_pendaftaran
Informasi pendaftaran santri bisa dilihat di mana?,info_pendaftaran
Pendaftaran santri baru sampai kapan?,info_pendaftaran
Kapan batas akhir pendaftaran santri?,info_pendaftaran
Apakah pendaftaran dibuka setiap tahun?,info_pendaftaran
Saya ingin tahu alur pendaftaran santri baru,info_pendaftaran
Bagaimana tahapan pendaftaran santri?,info_pendaftaran
Kapan pengumuman penerimaan santri?,info_pendaftaran
Apakah pendaftaran dibuka offline juga?,info_pendaftaran
Jadwal pendaftaran pesantren tahun ini apa?,info_pendaftaran
Mulai kapan pendaftaran santri?,info_pendaftaran
Apakah masih menerima pendaftaran sekarang?,info_pendaftaran
Info singkat pendaftaran santri baru,info_pendaftaran
Saya ingin tanya waktu pendaftaran santri,info_pendaftaran
Apakah ada gelombang kedua pendaftaran?,info_pendaftaran
Kapan pendaftaran biasanya ditutup?,info_pendaftaran
Pendaftaran santri dimulai tanggal berapa?,info_pendaftaran
Apakah pendaftaran sudah full?,info_pendaftaran
Kapan waktu terbaik mendaftar?,info_pendaftaran
Apakah pendaftaran bisa lewat admin?,info_pendaftaran
Saya ingin tahu timeline pendaftaran,info_pendaftaran
Jadwal penerimaan santri bagaimana?,info_pendaftaran
Apakah pendaftaran diperpanjang?,info_pendaftaran
Pendaftaran tahun ini apakah sama seperti tahun lalu?,info_pendaftaran
Apakah ada pendaftaran susulan?,info_pendaftaran
Informasi lengkap pendaftaran santri,info_pendaftaran
Kapan mulai seleksi pendaftaran?,info_pendaftaran
Apakah pendaftaran dibuka bulan ini?,info_pendaftaran
Saya mau tanya kapan buka pendaftaran,info_pendaftaran
Pendaftaran santri dibuka sampai bulan apa?,info_pendaftaran
Kapan awal pendaftaran?,info_pendaftaran
Apakah pendaftaran sudah resmi dibuka?,info_pendaftaran
Kapan jadwal pendaftaran keluar?,info_pendaftaran
Kapan mulai daftar santri baru?,info_pendaftaran
Apakah pendaftaran masih tersedia?,info_pendaftaran
Pendaftaran pesantren dimulai kapan?,info_pendaftaran
Saya butuh info waktu pendaftaran,info_pendaftaran
Apakah sekarang masih fase pendaftaran?,info_pendaftaran
Apakah pendaftaran ditutup sementara?,info_pendaftaran
Kapan jadwal pendaftaran diumumkan resmi?,info_pendaftaran
Info pendaftaran santri tahun ini,info_pendaftaran
Apa saja syarat administrasi pendaftaran santri?,syarat_pendaftaran
Dokumen apa yang harus disiapkan untuk mendaftar?,syarat_pendaftaran
Apakah ada batas usia minimal santri?,syarat_pendaftaran
Apakah harus bisa membaca Al Quran saat mendaftar?,syarat_pendaftaran
Apakah ada tes masuk bagi calon santri?,syarat_pendaftaran
Syarat utama masuk pesantren ini apa saja?,syarat_pendaftaran
Apakah perlu surat rekomendasi?,syarat_pendaftaran
Apa syarat pendidikan terakhir calon santri?,syarat_pendaftaran
Apakah harus lulusan sekolah tertentu?,syarat_pendaftaran
Apakah ada seleksi wawancara?,syarat_pendaftaran
Syarat pendaftaran santri putra apa?,syarat_pendaftaran
Syarat pendaftaran santri putri apa?,syarat_pendaftaran
Apakah santri pindahan punya syarat khusus?,syarat_pendaftaran
Apakah harus sehat jasmani dan rohani?,syarat_pendaftaran
Syarat administrasi lengkapnya apa?,syarat_pendaftaran
Apakah wajib melampirkan kartu keluarga?,syarat_pendaftaran
Apakah perlu ijazah asli?,syarat_pendaftaran
Syarat daftar untuk lulusan SD apa?,syarat_pendaftaran
Apakah ada syarat hafalan tertentu?,syarat_pendaftaran
Apakah harus mengikuti tes baca Al Quran?,syarat_pendaftaran
Syarat usia maksimal santri?,syarat_pendaftaran
Apakah perlu surat keterangan sehat?,syarat_pendaftaran
Syarat masuk pesantren apa saja?,syarat_pendaftaran
Apakah ada syarat tinggi badan?,syarat_pendaftaran
Apakah wajib tes tulis?,syarat_pendaftaran
Apakah harus bisa bahasa Arab?,syarat_pendaftaran
Apakah ada syarat domisili?,syarat_pendaftaran
Syarat pendaftaran lengkap santri baru?,syarat_pendaftaran
Apa saja ketentuan pendaftaran santri?,syarat_pendaftaran
Apakah harus datang langsung?,syarat_pendaftaran
Apakah ada syarat nilai rapor?,syarat_pendaftaran
Syarat mendaftar santri pindahan?,syarat_pendaftaran
Apakah perlu surat pindah sekolah?,syarat_pendaftaran
Syarat administrasi santri baru?,syarat_pendaftaran
Apakah ada syarat khusus tahfidz?,syarat_pendaftaran
Apakah calon santri diseleksi?,syarat_pendaftaran
Syarat pendaftaran jalur reguler?,syarat_pendaftaran
Syarat pendaftaran jalur prestasi?,syarat_pendaftaran
Apakah perlu pas foto?,syarat_pendaftaran
Dokumen wajib pendaftaran apa saja?,syarat_pendaftaran
Apakah harus izin orang tua?,syarat_pendaftaran
Syarat pendaftaran tahun ini apa?,syarat_pendaftaran
Apakah ada syarat khusus akhlak?,syarat_pendaftaran
Apakah harus ikut tes pesantren?,syarat_pendaftaran
Syarat mendaftar santri baru?,syarat_pendaftaran
Apa ketentuan umum pendaftaran?,syarat_pendaftaran
Apakah santri luar kota bisa daftar?,syarat_pendaftaran
Syarat daftar mondok?,syarat_pendaftaran
Berapa biaya pendidikan per bulan?,biaya_pendidikan
Berapa SPP santri setiap bulan?,biaya_pendidikan
Apakah biaya asrama sudah termasuk?,biaya_pendidikan
Rincian biaya masuk pesantren apa saja?,biaya_pendidikan
Berapa biaya pendaftaran awal?,biaya_pendidikan
Apakah ada biaya makan bulanan?,biaya_pendidikan
Biaya total mondok per tahun berapa?,biaya_pendidikan
Apakah ada biaya seragam?,biaya_pendidikan
Biaya daftar ulang santri?,biaya_pendidikan
Apakah ada biaya tambahan selain SPP?,biaya_pendidikan
Biaya pendidikan santri baru?,biaya_pendidikan
Berapa biaya awal masuk?,biaya_pendidikan
Apakah tersedia beasiswa?,biaya_pendidikan
Adakah keringanan biaya?,biaya_pendidikan
Biaya pesantren per bulan berapa?,biaya_pendidikan
Apakah biaya bisa dicicil?,biaya_pendidikan
Biaya makan dan asrama berapa?,biaya_pendidikan
Berapa total biaya awal?,biaya_pendidikan
Biaya pendidikan lengkap?,biaya_pendidikan
Apakah ada biaya pembangunan?,biaya_pendidikan
Apakah biaya berbeda tiap jenjang?,biaya_pendidikan
Biaya santri putra berapa?,biaya_pendidikan
Biaya santri putri berapa?,biaya_pendidikan
Berapa biaya tahunan pesantren?,biaya_pendidikan
Biaya mondok full berapa?,biaya_pendidikan
Biaya masuk pertama kali?,biaya_pendidikan
Apakah biaya sudah all in?,biaya_pendidikan
Rincian biaya santri baru?,biaya_pendidikan
Apakah ada biaya ujian?,biaya_pendidikan
Biaya pendidikan tahfidz?,biaya_pendidikan
Apakah ada biaya kegiatan?,biaya_pendidikan
Biaya pendidikan formal?,biaya_pendidikan
Biaya per semester?,biaya_pendidikan
Apakah ada subsidi biaya?,biaya_pendidikan
Biaya daftar pesantren?,biaya_pendidikan
Biaya mondok per bulan?,biaya_pendidikan
Apakah biaya naik tiap tahun?,biaya_pendidikan
Biaya masuk pesantren?,biaya_pendidikan
Biaya bulanan santri?,biaya_pendidikan
Biaya asrama saja?,biaya_pendidikan
Biaya makan santri?,biaya_pendidikan
Biaya pendidikan detail?,biaya_pendidikan
Apakah biaya termasuk kitab?,biaya_pendidikan
Biaya seragam santri?,biaya_pendidikan
Biaya awal mondok?,biaya_pendidikan
Biaya pesantren lengkap?,biaya_pendidikan
Biaya administrasi?,biaya_pendidikan
Apakah ada biaya tambahan lain?,biaya_pendidikan
Di mana link formulir pendaftaran?,link_formulir
Tolong kirim formulir pendaftaran online,link_formulir
Bagaimana cara akses formulir?,link_formulir
Apakah ada pendaftaran online?,link_formulir
Link resmi pendaftaran santri?,link_formulir
Formulir pendaftaran di mana?,link_formulir
Saya mau isi formulir pendaftaran,link_formulir
Apakah bisa daftar lewat online?,link_formulir
Kirimkan link pendaftaran,link_formulir
Formulir santri baru ada?,link_formulir
Apakah formulir bisa diisi online?,link_formulir
Link Google Form pendaftaran?,link_formulir
Formulir pendaftaran pesantren?,link_formulir
Saya butuh akses formulir,link_formulir
Formulir daftar santri?,link_formulir
Apakah ada link pendaftaran?,link_formulir
Formulir online santri?,link_formulir
Di mana saya bisa mendaftar online?,link_formulir
Link pendaftaran santri baru?,link_formulir
Formulir pendaftaran resmi?,link_formulir
Apakah pendaftaran via website?,link_formulir
Link form santri?,link_formulir
Formulir pendaftaran putra?,link_formulir
Formulir pendaftaran putri?,link_formulir
Apakah formulir masih aktif?,link_formulir
Formulir pendaftaran terbaru?,link_formulir
Apakah ada link alternatif?,link_formulir
Formulir pendaftaran rusak?,link_formulir
Saya tidak bisa buka formulir,link_formulir
Tolong kirim ulang link formulir,link_formulir
Formulir pendaftaran online di mana?,link_formulir
Apakah bisa daftar lewat HP?,link_formulir
Formulir santri online?,link_formulir
Link pendaftaran pondok?,link_formulir
Formulir daftar mondok?,link_formulir
Formulir pendaftaran santri baru online?,link_formulir
Di mana akses form pendaftaran?,link_formulir
Apakah ada form digital?,link_formulir
Formulir pendaftaran pesantren online?,link_formulir
Link pendaftaran resmi?,link_formulir
Formulir daftar santri baru?,link_formulir
Saya mau daftar online,link_formulir
Form pendaftaran santri?,link_formulir
Link daftar santri?,link_formulir
Formulir pendaftaran pesantren ini?,link_formulir
Apakah ada pendaftaran via Google Form?,link_formulir
Formulir pendaftaran masih bisa diakses?,link_formulir
Saya ingin minta link pendaftaran,link_formulir
Bagaimana cara upload dokumen pendaftaran?,kirim_dokumen
Ke mana saya kirim berkas pendaftaran?,kirim_dokumen
Apakah dokumen dikirim online?,kirim_dokumen
Cara kirim ijazah bagaimana?,kirim_dokumen
Upload dokumen lewat mana?,kirim_dokumen
Apakah bisa kirim dokumen via WhatsApp?,kirim_dokumen
Bagaimana cara unggah KK dan KTP?,kirim_dokumen
Dokumen dikirim setelah daftar?,kirim_dokumen
Kapan upload dokumen?,kirim_dokumen
Apakah dokumen dikirim via email?,kirim_dokumen
Cara upload berkas santri?,kirim_dokumen
Apakah perlu kirim hardcopy?,kirim_dokumen
Upload dokumen pendaftaran di mana?,kirim_dokumen
Bagaimana teknis pengiriman berkas?,kirim_dokumen
Apakah dokumen harus lengkap?,kirim_dokumen
Dokumen apa yang diupload?,kirim_dokumen
Kirim berkas lewat apa?,kirim_dokumen
Apakah bisa upload PDF?,kirim_dokumen
Cara kirim pas foto?,kirim_dokumen
Apakah dokumen dikumpulkan online?,kirim_dokumen
Upload berkas setelah seleksi?,kirim_dokumen
Kirim dokumen pendaftaran?,kirim_dokumen
Bagaimana proses upload dokumen?,kirim_dokumen
Apakah dokumen dikirim satu per satu?,kirim_dokumen
Kapan batas upload dokumen?,kirim_dokumen
Apakah ada format dokumen?,kirim_dokumen
Upload berkas santri baru?,kirim_dokumen
Cara kirim dokumen secara online?,kirim_dokumen
Dokumen pendaftaran dikirim ke mana?,kirim_dokumen
Apakah bisa kirim via Google Drive?,kirim_dokumen
Bagaimana upload dokumen pendaftaran?,kirim_dokumen
Apakah dokumen perlu discan?,kirim_dokumen
Upload file pendaftaran?,kirim_dokumen
Apakah ada batas ukuran file?,kirim_dokumen
Kirim dokumen administrasi?,kirim_dokumen
Cara upload berkas pendaftaran?,kirim_dokumen
Apakah upload dokumen wajib?,kirim_dokumen
Upload dokumen santri?,kirim_dokumen
Bagaimana kirim dokumen secara digital?,kirim_dokumen
Dokumen dikirim lewat sistem apa?,kirim_dokumen
Apakah dokumen bisa menyusul?,kirim_dokumen
Upload berkas via web?,kirim_dokumen
Bagaimana kirim file pendaftaran?,kirim_dokumen
Apakah dokumen dikirim setelah formulir?,kirim_dokumen
Upload dokumen online?,kirim_dokumen
Apakah ada panduan upload dokumen?,kirim_dokumen
Cara upload berkas administrasi?,kirim_dokumen
Kegiatan santri sehari hari seperti apa?,kegiatan_harian
Jadwal harian santri bagaimana?,kegiatan_harian
Apa saja aktivitas santri setiap hari?,kegiatan_harian
Rutinitas santri di pesantren?,kegiatan_harian
Kegiatan pagi santri apa?,kegiatan_harian
Jadwal belajar santri?,kegiatan_harian
Kegiatan setelah subuh apa?,kegiatan_harian
Aktivitas malam santri?,kegiatan_harian
Kegiatan belajar kitab kapan?,kegiatan_harian
Jadwal tahfidz harian?,kegiatan_harian
Kegiatan olahraga santri?,kegiatan_harian
Santri bangun jam berapa?,kegiatan_harian
Jadwal makan santri?,kegiatan_harian
Kegiatan akhir pekan santri?,kegiatan_harian
Apakah ada kegiatan ekstra?,kegiatan_harian
Jadwal sekolah formal santri?,kegiatan_harian
Kegiatan sore santri?,kegiatan_harian
Rutinitas mingguan santri?,kegiatan_harian
Kegiatan ibadah harian santri?,kegiatan_harian
Apa saja aktivitas wajib santri?,kegiatan_harian
Jadwal ngaji santri?,kegiatan_harian
Kegiatan santri dari pagi sampai malam?,kegiatan_harian
Aktivitas santri setiap hari?,kegiatan_harian
Jadwal tidur santri?,kegiatan_harian
Kegiatan belajar malam?,kegiatan_harian
Kegiatan santri putra?,kegiatan_harian
Kegiatan santri putri?,kegiatan_harian
Rutinitas pesantren harian?,kegiatan_harian
Kegiatan wajib santri?,kegiatan_harian
Jadwal kegiatan pondok?,kegiatan_harian
Kegiatan harian pesantren?,kegiatan_harian
Apa kegiatan utama santri?,kegiatan_harian
Kegiatan santri saat libur?,kegiatan_harian
Aktivitas santri di asrama?,kegiatan_harian
Kegiatan pagi sampai malam?,kegiatan_harian
Jadwal kegiatan santri baru?,kegiatan_harian
Kegiatan santri tiap hari?,kegiatan_harian
Apa yang dilakukan santri sehari hari?,kegiatan_harian
Jadwal kegiatan resmi santri?,kegiatan_harian
Kegiatan santri full day?,kegiatan_harian
Aktivitas santri di pondok?,kegiatan_harian
Kegiatan rutin santri?,kegiatan_harian
Jadwal harian pondok?,kegiatan_harian
Kegiatan santri setelah maghrib?,kegiatan_harian
Kegiatan santri setelah isya?,kegiatan_harian
Kegiatan harian mondok?,kegiatan_harian
Rutinitas santri pesantren?,kegiatan_harian
Kegiatan wajib harian?,kegiatan_harian
Apakah pesantren punya sekolah formal?,pendidikan_formal
Jenjang pendidikan formal apa saja?,pendidikan_formal
Apakah ada SMP atau SMA?,pendidikan_formal
Sekolah formal bekerja sama dengan siapa?,pendidikan_formal
Apakah santri tetap sekolah formal?,pendidikan_formal
Program pendidikan formalnya bagaimana?,pendidikan_formal
Apakah ada kurikulum nasional?,pendidikan_formal
Sekolah formal di dalam pesantren?,pendidikan_formal
Apakah ada ijazah resmi?,pendidikan_formal
Pendidikan formal santri seperti apa?,pendidikan_formal
Apakah santri ikut ujian nasional?,pendidikan_formal
Jenjang MTs atau MA ada?,pendidikan_formal
Apakah ada SD formal?,pendidikan_formal
Program akademik formal?,pendidikan_formal
Apakah sekolah terakreditasi?,pendidikan_formal
Pendidikan formal pesantren?,pendidikan_formal
Sekolah formal apa yang tersedia?,pendidikan_formal
Apakah ada kelas formal pagi?,pendidikan_formal
Pendidikan umum santri?,pendidikan_formal
Apakah santri dapat ijazah?,pendidikan_formal
Sekolah formal santri?,pendidikan_formal
Program pendidikan nasional?,pendidikan_formal
Apakah pesantren menyelenggarakan sekolah?,pendidikan_formal
Apakah ada SMA pesantren?,pendidikan_formal
Apakah ada SMP pesantren?,pendidikan_formal
Pendidikan formal terintegrasi?,pendidikan_formal
Sekolah formal santri baru?,pendidikan_formal
Apakah sekolah formal wajib?,pendidikan_formal
Jenjang pendidikan apa saja?,pendidikan_formal
Apakah ada madrasah?,pendidikan_formal
Program pendidikan formal lengkap?,pendidikan_formal
Sekolah formal di pesantren ini?,pendidikan_formal
Apakah ada kelas akademik?,pendidikan_formal
Sistem pendidikan formal?,pendidikan_formal
Apakah santri sekolah di luar?,pendidikan_formal
Sekolah formal kerja sama?,pendidikan_formal
Pendidikan formal pesantren bagaimana?,pendidikan_formal
Apakah sekolah formal full day?,pendidikan_formal
Program akademik santri?,pendidikan_formal
Apakah pesantren punya SMA?,pendidikan_formal
Apakah ada MTs?,pendidikan_formal
Apakah ada MA?,pendidikan_formal
Sekolah formal santri putra?,pendidikan_formal
Sekolah formal santri putri?,pendidikan_formal
Apakah pendidikan formal terpisah?,pendidikan_formal
Apakah santri belajar kurikulum nasional?,pendidikan_formal
Sekolah formal pesantren apa?,pendidikan_formal
Program pendidikan formal santri?,pendidikan_formal
Apa program unggulan pesantren?,program_unggulan
Apakah ada program tahfidz?,program_unggulan
Program favorit santri?,program_unggulan
Program unggulan apa saja?,program_unggulan
Apakah ada kelas bahasa Arab?,program_unggulan
Program khusus pesantren?,program_unggulan
Keunggulan pesantren ini apa?,program_unggulan
Program andalan pondok?,program_unggulan
Apakah ada program bahasa Inggris?,program_unggulan
Program unggulan santri?,program_unggulan
Program tahfidz unggulan?,program_unggulan
Apakah ada program kitab kuning?,program_unggulan
Program pengembangan santri?,program_unggulan
Program unggulan akademik?,program_unggulan
Apakah ada program sains?,program_unggulan
Program unggulan pesantren apa?,program_unggulan
Program khas pesantren?,program_unggulan
Apa kelebihan program di sini?,program_unggulan
Program terbaik pesantren?,program_unggulan
Program unggulan santri baru?,program_unggulan
Apakah ada program kepemimpinan?,program_unggulan
Program unggulan tahfidz?,program_unggulan
Program bahasa asing?,program_unggulan
Program khusus santri?,program_unggulan
Program unggulan pendidikan?,program_unggulan
Apa saja program unggulan pondok?,program_unggulan
Program favorit wali santri?,program_unggulan
Apakah ada program intensif?,program_unggulan
Program unggulan harian?,program_unggulan
Program unggulan mingguan?,program_unggulan
Program unggulan pesantren ini?,program_unggulan
Program khas santri?,program_unggulan
Program unggulan islami?,program_unggulan
Program unggulan akademik dan diniyah?,program_unggulan
Apakah ada program prestasi?,program_unggulan
Program unggulan santri putra?,program_unggulan
Program unggulan santri putri?,program_unggulan
Apakah ada program olimpiade?,program_unggulan
Program unggulan pendidikan formal?,program_unggulan
Program unggulan non formal?,program_unggulan
Apa keunikan program pesantren?,program_unggulan
Program unggulan tahsin?,program_unggulan
Program unggulan tahfidz intensif?,program_unggulan
Program unggulan bahasa?,program_unggulan
Program unggulan keilmuan?,program_unggulan
Program unggulan karakter?,program_unggulan
Program unggulan kepesantrenan?,program_unggulan
Program unggulan pondok pesantren?,program_unggulan
Apakah santri boleh pulang?,faq_umum
Bagaimana aturan kunjungan orang tua?,faq_umum
Apakah santri boleh membawa HP?,faq_umum
Aturan libur santri?,faq_umum
Apakah ada jadwal kunjungan?,faq_umum
Peraturan umum pesantren?,faq_umum
Aturan penggunaan HP?,faq_umum
Apakah santri boleh dijenguk?,faq_umum
Aturan keluar masuk pesantren?,faq_umum
Apakah santri boleh pulang tiap minggu?,faq_umum
Bagaimana sistem pengasuhan santri?,faq_umum
Apakah ada jam besuk?,faq_umum
Aturan disiplin santri?,faq_umum
Peraturan santri baru?,faq_umum
Apakah ada sanksi pelanggaran?,faq_umum
Aturan pakaian santri?,faq_umum
Apakah santri boleh membawa laptop?,faq_umum
Aturan makan santri?,faq_umum
Aturan ibadah santri?,faq_umum
Peraturan umum pondok?,faq_umum
Apakah santri boleh keluar pondok?,faq_umum
Aturan liburan santri?,faq_umum
Apakah ada jadwal pulang?,faq_umum
Peraturan pesantren ini?,faq_umum
Aturan santri mondok?,faq_umum
Apakah santri boleh izin?,faq_umum
Aturan asrama santri?,faq_umum
Apakah santri boleh menerima tamu?,faq_umum
Aturan belajar santri?,faq_umum
Peraturan harian santri?,faq_umum
Apakah santri boleh membawa motor?,faq_umum
Aturan fasilitas santri?,faq_umum
Apakah santri boleh membawa uang?,faq_umum
Aturan kegiatan santri?,faq_umum
Apakah ada larangan tertentu?,faq_umum
Peraturan pondok pesantren?,faq_umum
Aturan disiplin pesantren?,faq_umum
Apakah santri boleh keluar malam?,faq_umum
Aturan kunjungan wali santri?,faq_umum
Apakah santri boleh pulang mendadak?,faq_umum
Aturan cuti santri?,faq_umum
Aturan umum santri?,faq_umum
Apakah santri boleh membawa makanan?,faq_umum
Peraturan mondok?,faq_umum
Aturan pesantren?,faq_umum
Apakah santri boleh izin keluar?,faq_umum
Peraturan dasar santri?,faq_umum
Aturan umum pesantren ini?,faq_umum
Saya ingin bicara dengan admin,eskalasi_admin
Bisa hubungkan saya ke admin?,eskalasi_admin
Mohon nomor WhatsApp admin,eskalasi_admin
Saya ingin tanya langsung ke petugas,eskalasi_admin
Tolong arahkan ke admin pendaftaran,eskalasi_admin
Saya butuh kontak admin,eskalasi_admin
Apakah ada admin yang bisa dihubungi?,eskalasi_admin
Saya ingin berbicara dengan manusia,eskalasi_admin
Mohon sambungkan ke admin pesantren,eskalasi_admin
Bisa minta kontak petugas?,eskalasi_admin
Saya ingin konfirmasi ke admin,eskalasi_admin
Tolong hubungkan ke pengurus,eskalasi_admin
Apakah ada nomor admin?,eskalasi_admin
Saya ingin konsultasi dengan admin,eskalasi_admin
Bisa bicara langsung?,eskalasi_admin
Mohon kontak resmi admin,eskalasi_admin
Saya ingin tanya via WhatsApp,eskalasi_admin
Apakah bisa chat dengan admin?,eskalasi_admin
Saya ingin diarahkan ke admin,eskalasi_admin
Bisa minta nomor pendaftaran?,eskalasi_admin
Tolong hubungkan saya ke petugas pendaftaran,eskalasi_admin
Saya ingin bertanya langsung,eskalasi_admin
Apakah ada staf yang bisa dihubungi?,eskalasi_admin
Mohon bantuan admin,eskalasi_admin
Saya ingin klarifikasi ke admin,eskalasi_admin
Bisa saya hubungi admin?,eskalasi_admin
Saya perlu kontak admin sekarang,eskalasi_admin
Mohon info nomor admin,eskalasi_admin
Saya ingin bicara dengan pengurus pondok,eskalasi_admin
Bisa sambungkan ke admin?,eskalasi_admin
Apakah ada admin online?,eskalasi_admin
Saya ingin tanya langsung ke kantor,eskalasi_admin
Mohon diarahkan ke admin penerimaan,eskalasi_admin
Saya ingin bertanya lebih lanjut ke admin,eskalasi_admin
Apakah ada nomor telepon pesantren?,eskalasi_admin
Saya ingin hubungi admin pendaftaran,eskalasi_admin
Mohon sambungkan ke admin manusia,eskalasi_admin
Saya butuh bantuan admin langsung,eskalasi_admin
Apakah bisa bicara dengan petugas?,eskalasi_admin
Saya ingin konfirmasi manual,eskalasi_admin
Mohon kontak admin pesantren,eskalasi_admin
Saya ingin bertanya lewat telepon,eskalasi_admin
Apakah ada admin yang standby?,eskalasi_admin
Saya ingin minta nomor WA admin,eskalasi_admin
Bisa arahkan saya ke admin?,eskalasi_admin
Saya ingin diskusi dengan admin,eskalasi_admin
Mohon hubungkan ke admin sekarang,eskalasi_admin
Saya ingin tanya ke pengurus,eskalasi_admin
saya ingin tahu informasi pendaftaran di pesantren ini,info_pendaftaran
apa saja syarat masuk pondok pesantren ?,syarat_pendaftaran
Apa saja syaratnya?,syarat_pendaftaran
Apakah ada info pendaftaran,info_pendaftaran
Apa saja formulir untuk pendaftaran online?,link_formulir
Apa saja kegiatan sehari-hari santri,kegiatan_harian
Dimana lokasi pesantren nya,faq_umum
Program unggulannya nya ada apa saja?,program_unggulan
"Jika ingin mendaftar, apa saja syarat dan ketentuannya",syarat_pendaftaran
Gimana sih cara mendaftar nya,syarat_pendaftaran
Apakah pendaftaran nya bisa dilakukan secara online?,info_pendaftaran
"Untuk mengisi formulir secara online, formulir apa saja yang dibutuhkan?",link_formulir
Dokumen apa saja yang dibutuhkan saat mengisi pendaftaran secara online?,syarat_pendaftaran
Apakah bisa mendaftar secara offline?,syarat_pendaftaran
Apa saja program pendidikan yang ada di pesantren?,program_unggulan
Kalo program unggulannya apa saja?,program_unggulan
Berapa biaya pendaftaran nya?,biaya_pendidikan
Apakah ada biaya bulanan?,biaya_pendidikan
bagaimana kegiatan harian santri ?,kegiatan_harian
Ini pesantren campuran bukan?,faq_umum
Jadwal harian nya bagaimana?,kegiatan_harian
Apakah santri bisa bawa handphone?,faq_umum
Santri boleh membawa hp gak?,faq_umum
Bagaimana cara mendaftar?,info_pendaftaran
dimana pesantren ?,faq_umum
Apa saja programnya?,program_unggulan
Apa saja program pendidikannya?,program_unggulan
Apa saja program pendidikan formalnya,pendidikan_formal
Apa saja kitab yang dipelajari?,program_unggulan
Apa sih visi misi pesantren nya?,faq_umum
Pimpinannya siapa?,faq_umum
Siapa pengasuh pondoknya?,faq_umum
Visi dan misi pesantren nya apa?,faq_umum
Jumlah santri nya sekarang berapa?,faq_umum
Sekarang ada berapa jumlah santri nya?,faq_umum
"Pesantren ini khusus putra, putri atau campuran?",faq_umum
Pesantren ini sudah berapa lama berdiri nya?,faq_umum
Pesantren ini berdiri sejak kapan?,faq_umum
Kapan waktu liburnya?,faq_umum
Kapan Satri bisa pulang ke rumah?,faq_umum
Orang tua bisa jenguk santrinya tidak?,faq_umum
Waktu libur untuk santri pulang kapan?,faq_umum
Barang yang wajib dibawa apa saja?,faq_umum
Santri baru wajib bawa barang apa saja?,faq_umum
Untuk keamanan di dalam pesantren nya bagaimana?,faq_umum
Fasilitas kesehatannya bagaimana?,faq_umum
apa saja kitab yang di pakai ?,program_unggulan
Di pesantren ada fasilitas kesehatannya gak?,faq_umum
Kalo santri nya sakit gimana?,faq_umum
Bagaimana alur pendaftaran santri baru?,info_pendaftaran
Saya ingin mengetahui informasi pendaftaran pesantren,info_pendaftaran
Kapan pendaftaran santri baru dibuka?,info_pendaftaran
Apakah pendaftaran masih dibuka saat ini?,info_pendaftaran
Bagaimana tahapan pendaftaran di pesantren ini?,info_pendaftaran
Mohon info terkait pendaftaran santri baru,info_pendaftaran
Apakah ada gelombang pendaftaran?,info_pendaftaran
Pendaftaran pesantren dilakukan kapan?,info_pendaftaran
Saya mau tanya soal pendaftaran santri,info_pendaftaran
Bagaimana proses pendaftaran pesantren?,info_pendaftaran
Apakah pendaftaran dibuka setiap tahun?,info_pendaftaran
Saya ingin daftar, bisa jelaskan alurnya?,info_pendaftaran
Bagaimana sistem penerimaan santri baru?,info_pendaftaran
Informasi pendaftaran pesantren dimana ya?,info_pendaftaran
Apakah ada seleksi dalam pendaftaran?,info_pendaftaran
Pendaftaran santri baru bagaimana caranya?,info_pendaftaran
Saya mau tahu info PPDB pesantren,info_pendaftaran
Kapan jadwal penerimaan santri?,info_pendaftaran
Mohon penjelasan pendaftaran pesantren,info_pendaftaran
Apakah pendaftaran dilakukan bertahap?,info_pendaftaran
Bagaimana prosedur masuk pesantren?,info_pendaftaran
Saya ingin tahu proses daftar santri,info_pendaftaran
Apakah pendaftaran dibuka online?,info_pendaftaran
Pendaftaran pesantren ini seperti apa?,info_pendaftaran
Bagaimana mekanisme daftar santri baru?,info_pendaftaran
Informasi PPDB pesantren ini apa saja?,info_pendaftaran
Tahapan pendaftaran santri bagaimana?,info_pendaftaran
Apakah ada jadwal resmi pendaftaran?,info_pendaftaran
Pendaftaran santri baru lewat apa?,info_pendaftaran
Saya mau daftar pesantren, mulai dari mana?,info_pendaftaran
Bagaimana sistem pendaftaran santri?,info_pendaftaran
Mohon info awal pendaftaran pesantren,info_pendaftaran
Pendaftaran pesantren dibuka sampai kapan?,info_pendaftaran
Apa saja langkah pendaftaran santri?,info_pendaftaran
Apakah pendaftaran bisa dilakukan sekarang?,info_pendaftaran
Bagaimana tata cara pendaftaran santri?,info_pendaftaran
Informasi umum pendaftaran santri baru?,info_pendaftaran
Apakah pendaftaran dilakukan secara bertahap?,info_pendaftaran
Saya ingin tahu cara mendaftar santri baru,info_pendaftaran
Bagaimana proses awal masuk pesantren?,info_pendaftaran
Apakah ada pengumuman hasil seleksi?,info_pendaftaran
Pendaftaran santri baru lewat apa saja?,info_pendaftaran
Mohon info teknis pendaftaran pesantren,info_pendaftaran
Apakah pendaftaran dibuka untuk umum?,info_pendaftaran
Bagaimana sistem penerimaan santri?,info_pendaftaran
Pendaftaran santri dimulai kapan?,info_pendaftaran
Apakah pendaftaran harus datang langsung?,info_pendaftaran
Saya ingin info resmi pendaftaran pesantren,info_pendaftaran
Apakah ada batas waktu pendaftaran?,info_pendaftaran
Apa saja syarat pendaftaran santri?,syarat_pendaftaran
Syarat masuk pesantren apa saja?,syarat_pendaftaran
Dokumen apa yang diperlukan untuk mendaftar?,syarat_pendaftaran
Apa persyaratan daftar santri baru?,syarat_pendaftaran
Syarat administratif pendaftaran apa saja?,syarat_pendaftaran
Apakah ada syarat usia tertentu?,syarat_pendaftaran
Syarat pendaftaran santri putra apa saja?,syarat_pendaftaran
Apa saja ketentuan pendaftaran santri?,syarat_pendaftaran
Syarat masuk pondok pesantren ini?,syarat_pendaftaran
Dokumen apa yang wajib disiapkan?,syarat_pendaftaran
Apakah perlu ijazah untuk mendaftar?,syarat_pendaftaran
Apa saja berkas pendaftaran santri?,syarat_pendaftaran
Syarat daftar santri online apa?,syarat_pendaftaran
Apa ketentuan calon santri baru?,syarat_pendaftaran
Syarat pendaftaran untuk santri baru?,syarat_pendaftaran
Apakah ada tes masuk?,syarat_pendaftaran
Syarat pendaftaran pesantren apa saja?,syarat_pendaftaran
Apa saja syarat umum pendaftaran?,syarat_pendaftaran
Apakah perlu surat keterangan sehat?,syarat_pendaftaran
Syarat daftar santri secara online?,syarat_pendaftaran
Dokumen yang harus diupload apa saja?,syarat_pendaftaran
Apa persyaratan administrasi santri?,syarat_pendaftaran
Apakah ada syarat kemampuan tertentu?,syarat_pendaftaran
Syarat mendaftar pesantren ini?,syarat_pendaftaran
Apa saja kelengkapan pendaftaran santri?,syarat_pendaftaran
Apakah wajib bisa baca Al-Qur’an?,syarat_pendaftaran
Syarat masuk pesantren putra/putri?,syarat_pendaftaran
Apa saja ketentuan santri baru?,syarat_pendaftaran
Apakah perlu kartu keluarga?,syarat_pendaftaran
Syarat pendaftaran offline apa saja?,syarat_pendaftaran
Dokumen wajib pendaftaran santri?,syarat_pendaftaran
Apa saja persyaratan calon santri?,syarat_pendaftaran
Apakah ada batasan usia santri?,syarat_pendaftaran
Syarat daftar pondok pesantren?,syarat_pendaftaran
Apa saja syarat pendaftaran resmi?,syarat_pendaftaran
Syarat daftar santri tahun ini?,syarat_pendaftaran
Apakah harus menyerahkan rapor?,syarat_pendaftaran
Apa saja berkas yang diminta?,syarat_pendaftaran
Syarat pendaftaran santri baru apa?,syarat_pendaftaran
Dokumen pendaftaran apa saja?,syarat_pendaftaran
Apakah wajib pas foto?,syarat_pendaftaran
Apa syarat utama masuk pesantren?,syarat_pendaftaran
Syarat masuk santri baru?,syarat_pendaftaran
Apa saja syarat form pendaftaran?,syarat_pendaftaran
Syarat pendaftaran gelombang pertama?,syarat_pendaftaran
Apakah ada persyaratan khusus?,syarat_pendaftaran
Syarat lengkap pendaftaran santri?,syarat_pendaftaran
Apa saja syarat teknis pendaftaran?,syarat_pendaftaran
Berapa biaya pendaftaran santri?,biaya_pendidikan
Berapa biaya masuk pesantren?,biaya_pendidikan
Rincian biaya pendidikan apa saja?,biaya_pendidikan
Biaya bulanan santri berapa?,biaya_pendidikan
Apakah ada biaya SPP?,biaya_pendidikan
Berapa total biaya awal masuk?,biaya_pendidikan
Biaya pesantren per bulan berapa?,biaya_pendidikan
Apakah ada biaya asrama?,biaya_pendidikan
Berapa biaya pendidikan per tahun?,biaya_pendidikan
Rincian biaya santri baru?,biaya_pendidikan
Apakah biaya bisa dicicil?,biaya_pendidikan
Berapa biaya makan santri?,biaya_pendidikan
Biaya seragam termasuk tidak?,biaya_pendidikan
Apakah ada biaya tambahan?,biaya_pendidikan
Berapa biaya keseluruhan pesantren?,biaya_pendidikan
Apakah ada biaya daftar ulang?,biaya_pendidikan
Biaya pendidikan di pesantren ini?,biaya_pendidikan
Apakah ada keringanan biaya?,biaya_pendidikan
Biaya pesantren mahal atau tidak?,biaya_pendidikan
Berapa biaya awal pendaftaran?,biaya_pendidikan
Apakah biaya dibayar bulanan?,biaya_pendidikan
Rincian biaya resmi pesantren?,biaya_pendidikan
Biaya pendidikan santri baru?,biaya_pendidikan
Apakah ada beasiswa?,biaya_pendidikan
Biaya masuk pondok pesantren?,biaya_pendidikan
Apakah biaya sudah termasuk makan?,biaya_pendidikan
Berapa SPP per bulan?,biaya_pendidikan
Biaya daftar santri berapa?,biaya_pendidikan
Apakah ada biaya tahunan?,biaya_pendidikan
Rincian pembayaran santri?,biaya_pendidikan
Berapa biaya sekolah di pesantren?,biaya_pendidikan
Apakah biaya bisa dicicil?,biaya_pendidikan
Biaya pendidikan formal berapa?,biaya_pendidikan
Apakah ada biaya kegiatan?,biaya_pendidikan
Berapa biaya total satu tahun?,biaya_pendidikan
Biaya pesantren per semester?,biaya_pendidikan
Apakah biaya sudah all in?,biaya_pendidikan
Rincian biaya pesantren ini?,biaya_pendidikan
Berapa biaya pendaftaran online?,biaya_pendidikan
Apakah ada biaya tambahan lain?,biaya_pendidikan
Biaya pendidikan pesantren berapa?,biaya_pendidikan
Apakah biaya termasuk kitab?,biaya_pendidikan
Biaya bulanan santri baru?,biaya_pendidikan
Berapa biaya pendidikan lengkap?,biaya_pendidikan
Apakah ada potongan biaya?,biaya_pendidikan
Biaya pesantren untuk santri baru?,biaya_pendidikan
Rincian biaya masuk santri?,biaya_pendidikan
Berapa biaya daftar ulang?,biaya_pendidikan
Apakah biaya bisa dinegosiasi?,biaya_pendidikan
Dimana link formulir pendaftaran?,link_formulir
Saya ingin mengisi formulir online,link_formulir
Formulir pendaftaran bisa diakses dimana?,link_formulir
Mohon link pendaftaran santri,link_formulir
Dimana formulir pendaftaran online?,link_formulir
Link daftar santri baru?,link_formulir
Apakah ada formulir online?,link_formulir
Saya mau daftar online,link_formulir
Form pendaftaran pesantren dimana?,link_formulir
Link formulir santri baru?,link_formulir
Dimana saya bisa isi formulir?,link_formulir
Form pendaftaran online tersedia?,link_formulir
Apakah ada link resmi pendaftaran?,link_formulir
Mohon link formulir pesantren,link_formulir
Formulir pendaftaran online apa?,link_formulir
Dimana akses form pendaftaran?,link_formulir
Link pendaftaran santri dimana?,link_formulir
Apakah ada Google Form pendaftaran?,link_formulir
Form pendaftaran bisa dikirim online?,link_formulir
Saya mau isi form pendaftaran,link_formulir
Dimana form pendaftaran santri?,link_formulir
Link formulir PPDB?,link_formulir
Formulir pendaftaran tersedia online?,link_formulir
Dimana dapat form pendaftaran?,link_formulir
Apakah ada link pendaftaran resmi?,link_formulir
Saya butuh link pendaftaran,link_formulir
Form daftar santri online?,link_formulir
Dimana formulir resmi pesantren?,link_formulir
Link isi data santri baru?,link_formulir
Apakah form pendaftaran bisa diunduh?,link_formulir
Form pendaftaran santri baru dimana?,link_formulir
Link formulir online pesantren?,link_formulir
Dimana link pendaftaran santri?,link_formulir
Form daftar online pesantren?,link_formulir
Saya mau akses form pendaftaran,link_formulir
Dimana form pendaftaran bisa dibuka?,link_formulir
Link pendaftaran PPDB pesantren?,link_formulir
Formulir pendaftaran lewat apa?,link_formulir
Link form pendaftaran santri?,link_formulir
Dimana isi formulir pendaftaran?,link_formulir
Apakah form pendaftaran tersedia?,link_formulir
Link formulir pendaftaran santri?,link_formulir
Form online pendaftaran dimana?,link_formulir
Saya ingin mendapatkan link formulir,link_formulir
Dimana formulir pendaftaran dibuka?,link_formulir
Link resmi form pendaftaran?,link_formulir
Apakah pendaftaran lewat form online?,link_formulir
Form pendaftaran santri bisa online?,link_formulir
Dimana form pendaftaran terbaru?,link_formulir
Bagaimana cara upload dokumen pendaftaran?,kirim_dokumen
Dokumen pendaftaran dikirim lewat apa?,kirim_dokumen
Apakah bisa upload berkas online?,kirim_dokumen
Cara mengirim dokumen pendaftaran?,kirim_dokumen
Dimana upload dokumen persyaratan?,kirim_dokumen
Bagaimana cara kirim berkas pendaftaran?,kirim_dokumen
Apakah dokumen bisa dikirim online?,kirim_dokumen
Upload dokumen pendaftaran dimana?,kirim_dokumen
Cara unggah file pendaftaran?,kirim_dokumen
Apakah bisa kirim dokumen lewat WhatsApp?,kirim_dokumen
Bagaimana pengiriman berkas santri?,kirim_dokumen
Dokumen pendaftaran dikirim kemana?,kirim_dokumen
Apakah bisa upload PDF persyaratan?,kirim_dokumen
Cara upload KK dan ijazah?,kirim_dokumen
Bagaimana kirim dokumen online?,kirim_dokumen
Upload dokumen santri baru?,kirim_dokumen
Apakah ada fitur upload dokumen?,kirim_dokumen
Dokumen dikirim setelah daftar?,kirim_dokumen
Cara menyerahkan dokumen pendaftaran?,kirim_dokumen
Apakah dokumen bisa dikirim digital?,kirim_dokumen
Upload berkas pendaftaran lewat apa?,kirim_dokumen
Bagaimana cara unggah persyaratan?,kirim_dokumen
Dokumen pendaftaran harus dikirim?,kirim_dokumen
Apakah bisa kirim file online?,kirim_dokumen
Bagaimana upload dokumen santri?,kirim_dokumen
Dimana unggah dokumen pendaftaran?,kirim_dokumen
Cara kirim berkas secara online?,kirim_dokumen
Apakah dokumen dikirim via form?,kirim_dokumen
Bagaimana prosedur upload dokumen?,kirim_dokumen
Upload file pendaftaran santri?,kirim_dokumen
Apakah bisa kirim dokumen lewat bot?,kirim_dokumen
Cara upload persyaratan santri?,kirim_dokumen
Dokumen dikirim sebelum seleksi?,kirim_dokumen
Bagaimana upload data administrasi?,kirim_dokumen
Apakah dokumen bisa dikirim bertahap?,kirim_dokumen
Upload berkas santri baru dimana?,kirim_dokumen
Bagaimana kirim dokumen via online?,kirim_dokumen
Apakah ada batas waktu upload dokumen?,kirim_dokumen
Cara upload file pendaftaran?,kirim_dokumen
Dokumen pendaftaran dikirim kapan?,kirim_dokumen
Apakah dokumen harus lengkap saat upload?,kirim_dokumen
Upload dokumen persyaratan santri?,kirim_dokumen
Bagaimana upload file PDF?,kirim_dokumen
Dokumen dikirim lewat sistem apa?,kirim_dokumen
Apakah bisa upload lewat link?,kirim_dokumen
Cara upload dokumen resmi?,kirim_dokumen
Bagaimana pengiriman dokumen santri baru?,kirim_dokumen
Apakah ada panduan upload dokumen?,kirim_dokumen
Bagaimana kegiatan harian santri?,kegiatan_harian
Apa saja aktivitas santri setiap hari?,kegiatan_harian
Jadwal harian santri bagaimana?,kegiatan_harian
Kegiatan santri dari pagi sampai malam?,kegiatan_harian
Apa rutinitas santri di pesantren?,kegiatan_harian
Kegiatan sehari-hari santri apa saja?,kegiatan_harian
Bagaimana aktivitas harian di pesantren?,kegiatan_harian
Jadwal kegiatan santri harian?,kegiatan_harian
Santri belajar apa saja setiap hari?,kegiatan_harian
Apa kegiatan santri di asrama?,kegiatan_harian
Bagaimana pola kegiatan santri?,kegiatan_harian
Kegiatan santri mulai jam berapa?,kegiatan_harian
Apa saja aktivitas pagi santri?,kegiatan_harian
Kegiatan santri siang hari?,kegiatan_harian
Apa rutinitas malam santri?,kegiatan_harian
Bagaimana jadwal ngaji santri?,kegiatan_harian
Kegiatan harian pesantren seperti apa?,kegiatan_harian
Santri sehari-hari kegiatannya apa?,kegiatan_harian
Apa saja jadwal wajib santri?,kegiatan_harian
Bagaimana aktivitas belajar santri?,kegiatan_harian
Kegiatan santri dari bangun tidur?,kegiatan_harian
Apa rutinitas ibadah santri?,kegiatan_harian
Kegiatan santri di hari biasa?,kegiatan_harian
Bagaimana kegiatan pesantren sehari-hari?,kegiatan_harian
Apa kegiatan santri di luar sekolah?,kegiatan_harian
Kegiatan santri dari subuh sampai malam?,kegiatan_harian
Bagaimana jadwal pesantren harian?,kegiatan_harian
Apa aktivitas utama santri?,kegiatan_harian
Kegiatan harian santri putra?,kegiatan_harian
Bagaimana jadwal santri putri?,kegiatan_harian
Apa saja kegiatan wajib santri?,kegiatan_harian
Kegiatan santri di hari efektif?,kegiatan_harian
Bagaimana aktivitas santri setiap hari?,kegiatan_harian
Apa kegiatan rutin santri?,kegiatan_harian
Bagaimana jadwal harian pesantren?,kegiatan_harian
Kegiatan santri dari pagi?,kegiatan_harian
Apa saja kegiatan santri di pondok?,kegiatan_harian
Bagaimana aktivitas pesantren harian?,kegiatan_harian
Santri kegiatan hariannya apa?,kegiatan_harian
Apa saja jadwal santri?,kegiatan_harian
Kegiatan santri sehari penuh?,kegiatan_harian
Bagaimana jadwal kegiatan pesantren?,kegiatan_harian
Apa kegiatan santri di pesantren?,kegiatan_harian
Bagaimana keseharian santri?,kegiatan_harian
Kegiatan santri selama di pondok?,kegiatan_harian
Apa saja aktivitas santri pondok?,kegiatan_harian
Bagaimana kegiatan santri harian?,kegiatan_harian
Kegiatan santri rutin apa saja?,kegiatan_harian
Apa aktivitas santri tiap hari?,kegiatan_harian
Apa saja pendidikan formal di pesantren?,pendidikan_formal
Apakah ada sekolah formal?,pendidikan_formal
Jenjang pendidikan formal apa saja?,pendidikan_formal
Apakah pesantren memiliki SMP atau SMA?,pendidikan_formal
Sekolah formal yang tersedia apa?,pendidikan_formal
Program pendidikan formal santri?,pendidikan_formal
Apakah ada MTs atau MA?,pendidikan_formal
Pendidikan formal di pesantren bagaimana?,pendidikan_formal
Apa jenjang sekolah formal santri?,pendidikan_formal
Apakah santri tetap sekolah formal?,pendidikan_formal
Sekolah formal di pesantren ini?,pendidikan_formal
Apa kurikulum pendidikan formal?,pendidikan_formal
Apakah ada SMA di pesantren?,pendidikan_formal
Pendidikan formal santri apa saja?,pendidikan_formal
Sekolah formal pesantren ini apa?,pendidikan_formal
Apakah ada SMP Islam?,pendidikan_formal
Jenjang sekolah formal santri?,pendidikan_formal
Apakah pendidikan formal terakreditasi?,pendidikan_formal
Sekolah formal santri bagaimana?,pendidikan_formal
Pendidikan formal di pondok pesantren?,pendidikan_formal
Apakah santri ikut sekolah negeri?,pendidikan_formal
Apa pendidikan akademik santri?,pendidikan_formal
Sekolah formal berjalan kapan?,pendidikan_formal
Apakah ada sekolah menengah?,pendidikan_formal
Program sekolah formal pesantren?,pendidikan_formal
Apa sistem pendidikan formal?,pendidikan_formal
Apakah pesantren punya MA?,pendidikan_formal
Pendidikan formal santri diatur bagaimana?,pendidikan_formal
Sekolah formal terpisah atau satu?,pendidikan_formal
Apa jenjang formal santri baru?,pendidikan_formal
Apakah ada SD atau SMP?,pendidikan_formal
Program akademik pesantren?,pendidikan_formal
Sekolah formal di pesantren ini?,pendidikan_formal
Pendidikan umum santri bagaimana?,pendidikan_formal
Apa pendidikan formal yang diikuti santri?,pendidikan_formal
Apakah ada sekolah resmi?,pendidikan_formal
Pendidikan formal santri putra?,pendidikan_formal
Pendidikan formal santri putri?,pendidikan_formal
Apakah sekolah formal wajib?,pendidikan_formal
Jenjang pendidikan akademik santri?,pendidikan_formal
Pendidikan formal di pesantren apa saja?,pendidikan_formal
Apakah ada SMA Islam?,pendidikan_formal
Sekolah formal santri dimana?,pendidikan_formal
Program pendidikan akademik?,pendidikan_formal
Sekolah formal terintegrasi?,pendidikan_formal
Pendidikan formal santri seperti apa?,pendidikan_formal
Apa sekolah formal yang disediakan?,pendidikan_formal
Jenjang pendidikan formal pesantren?,pendidikan_formal
Apakah sekolah formal di dalam pesantren?,pendidikan_formal
Apa saja program unggulan pesantren?,program_unggulan
Program unggulan santri apa?,program_unggulan
Keunggulan pesantren ini apa?,program_unggulan
Program andalan pesantren?,program_unggulan
Apa program khusus santri?,program_unggulan
Program unggulan pendidikan apa?,program_unggulan
Apakah ada program tahfidz?,program_unggulan
Program unggulan pesantren ini?,program_unggulan
Apa program khas pesantren?,program_unggulan
Keunggulan pendidikan pesantren?,program_unggulan
Program unggulan santri baru?,program_unggulan
Apa saja program favorit?,program_unggulan
Program pendidikan unggulan?,program_unggulan
Program khusus yang ditawarkan?,program_unggulan
Apa program andalan pesantren?,program_unggulan
Program unggulan apa saja?,program_unggulan
Apakah ada program bahasa?,program_unggulan
Program tahfidz ada?,program_unggulan
Apa program utama pesantren?,program_unggulan
Keistimewaan program pesantren?,program_unggulan
Program unggulan santri putra?,program_unggulan
Program unggulan santri putri?,program_unggulan
Apa saja program pembinaan santri?,program_unggulan
Program unggulan pendidikan diniyah?,program_unggulan
Apa program unggulan akademik?,program_unggulan
Apakah ada program kitab kuning?,program_unggulan
Program bahasa Arab dan Inggris?,program_unggulan
Apa program keunggulan pesantren?,program_unggulan
Program pendidikan khusus santri?,program_unggulan
Program unggulan pesantren apa?,program_unggulan
Keunggulan utama pesantren?,program_unggulan
Program pengembangan santri?,program_unggulan
Apa saja program intensif?,program_unggulan
Program unggulan yang ditawarkan?,program_unggulan
Program khas pesantren ini?,program_unggulan
Apa kelebihan program pesantren?,program_unggulan
Program pendidikan unggulan santri?,program_unggulan
Apakah ada program hafalan?,program_unggulan
Program unggulan keislaman?,program_unggulan
Apa program istimewa pesantren?,program_unggulan
Program unggulan pesantren modern?,program_unggulan
Program pembelajaran unggulan?,program_unggulan
Apa saja program khusus santri?,program_unggulan
Program unggulan pondok pesantren?,program_unggulan
Program pendidikan utama?,program_unggulan
Keunggulan akademik pesantren?,program_unggulan
Program unggulan santri baru?,program_unggulan
Apa program unggulan utama?,program_unggulan
Program unggulan pendidikan Islam?,program_unggulan
Dimana lokasi pesantren?,faq_umum
Apakah pesantren putra atau putri?,faq_umum
Pesantren ini khusus putra?,faq_umum
Apakah santri boleh membawa HP?,faq_umum
Berapa jumlah santri sekarang?,faq_umum
Siapa pengasuh pondok?,faq_umum
Kapan pesantren berdiri?,faq_umum
Pesantren ini sudah berapa lama?,faq_umum
Apakah orang tua boleh menjenguk?,faq_umum
Kapan jadwal libur santri?,faq_umum
Santri pulang kapan?,faq_umum
Bagaimana keamanan di pesantren?,faq_umum
Apakah ada fasilitas kesehatan?,faq_umum
Jika santri sakit bagaimana?,faq_umum
Pesantren campuran atau tidak?,faq_umum
Alamat pesantren dimana?,faq_umum
Apakah ada jam besuk?,faq_umum
Apakah santri boleh pulang bulanan?,faq_umum
Bagaimana aturan membawa HP?,faq_umum
Siapa pimpinan pesantren?,faq_umum
Berapa total santri?,faq_umum
Kapan waktu libur panjang?,faq_umum
Pesantren berdiri tahun berapa?,faq_umum
Apakah pesantren berasrama?,faq_umum
Apakah ada klinik kesehatan?,faq_umum
Bagaimana sistem keamanan?,faq_umum
Santri putra dan putri dipisah?,faq_umum
Kapan santri bisa pulang?,faq_umum
Apakah orang tua bisa mengunjungi?,faq_umum
Bagaimana aturan kunjungan?,faq_umum
Pesantren ini ada dimana?,faq_umum
Siapa pendiri pesantren?,faq_umum
Apakah pesantren ini resmi?,faq_umum
Bagaimana pengawasan santri?,faq_umum
Apakah santri boleh membawa gadget?,faq_umum
Fasilitas umum pesantren apa?,faq_umum
Apakah ada UKS?,faq_umum
Santri boleh pulang saat apa?,faq_umum
Bagaimana sistem disiplin?,faq_umum
Pesantren ini untuk putra saja?,faq_umum
Apakah ada jam kunjungan?,faq_umum
Kapan santri libur?,faq_umum
Pesantren ini berapa lama berdiri?,faq_umum
Bagaimana fasilitas pesantren?,faq_umum
Apakah santri diawasi?,faq_umum
Aturan umum pesantren apa?,faq_umum
Apakah pesantren aman?,faq_umum
Bagaimana sistem perizinan pulang?,faq_umum
Apakah pesantren memiliki asrama?,faq_umum
Saya ingin berbicara dengan admin,eskalasi_admin
Bisa hubungi admin?,eskalasi_admin
Saya mau tanya langsung ke admin,eskalasi_admin
Mohon hubungkan ke pengelola,eskalasi_admin
Bisa kontak admin pesantren?,eskalasi_admin
Saya ingin berbicara dengan petugas,eskalasi_admin
Mohon nomor admin,eskalasi_admin
Saya perlu bicara dengan pihak pesantren,eskalasi_admin
Bisa diarahkan ke admin?,eskalasi_admin
Saya ingin konsultasi langsung,eskalasi_admin
Mohon hubungi admin pendaftaran,eskalasi_admin
Saya ingin tanya hal khusus ke admin,eskalasi_admin
Bisa minta kontak pengelola?,eskalasi_admin
Saya ingin bicara dengan pengurus,eskalasi_admin
Mohon diarahkan ke admin manusia,eskalasi_admin
Saya butuh bantuan admin,eskalasi_admin
Apakah bisa hubungi admin langsung?,eskalasi_admin
Saya ingin klarifikasi ke admin,eskalasi_admin
Mohon sambungkan ke admin,eskalasi_admin
Saya mau tanya ke pihak pesantren,eskalasi_admin
Bisa bicara dengan admin?,eskalasi_admin
Saya ingin kontak pengurus pesantren,eskalasi_admin
Mohon nomor WhatsApp admin,eskalasi_admin
Saya ingin konsultasi langsung dengan admin,eskalasi_admin
Bisa minta bantuan admin?,eskalasi_admin
Saya mau bertanya langsung ke admin,eskalasi_admin
Mohon hubungi admin pendaftaran,eskalasi_admin
Saya ingin berbicara dengan pengelola pesantren,eskalasi_admin
Bisa disambungkan ke admin?,eskalasi_admin
Saya perlu konfirmasi ke admin,eskalasi_admin
Saya ingin tanya lebih detail ke admin,eskalasi_admin
Mohon kontak admin pesantren,eskalasi_admin
Saya ingin komunikasi dengan admin,eskalasi_admin
Bisa minta nomor admin?,eskalasi_admin
Saya ingin berbicara langsung dengan admin,eskalasi_admin
Mohon arahkan ke admin,eskalasi_admin
Saya ingin klarifikasi langsung ke admin,eskalasi_admin
Bisa hubungi pihak pesantren?,eskalasi_admin
Saya mau tanya hal teknis ke admin,eskalasi_admin
Mohon sambungkan dengan admin pendaftaran,eskalasi_admin
Saya ingin diskusi dengan admin,eskalasi_admin
Bisa bicara langsung dengan pengurus?,eskalasi_admin
Saya ingin tanya admin secara langsung,eskalasi_admin
Mohon kontak admin resmi,eskalasi_admin
Saya ingin berbicara dengan pihak pengelola,eskalasi_admin
Bisa diarahkan ke pengurus?,eskalasi_admin
Saya ingin bantuan dari admin,eskalasi_admin
Mohon hubungi admin sekarang,eskalasi_admin
Saya ingin berbicara dengan admin manusia,eskalasi_admin
Kapan tepatnya penerimaan santri baru dimulai tahun ini?,info_pendaftaran
Tolong beritahu saya kapan pesantren membuka pendaftaran,info_pendaftaran
Saya ingin mendaftarkan anak saya, kapan bisa mulai mendaftar?,info_pendaftaran
Apakah saat ini pesantren sedang menerima pendaftaran santri?,info_pendaftaran
Bagaimana cara memulai proses pendaftaran di pesantren ini?,info_pendaftaran
Boleh tahu kapan waktu penerimaan murid baru dibuka?,info_pendaftaran
Apakah ada informasi mengenai jadwal penerimaan santri?,info_pendaftaran
Saya hendak mendaftarkan anak mondok, dari mana saya harus mulai?,info_pendaftaran
Apakah pendaftaran sudah bisa dilakukan sekarang?,info_pendaftaran
Mohon info lengkap mengenai penerimaan santri baru tahun ini,info_pendaftaran
Apa saja yang perlu saya siapkan untuk mendaftarkan anak ke pesantren?,syarat_pendaftaran
Persyaratan apa yang harus dipenuhi untuk bisa masuk pesantren?,syarat_pendaftaran
Apakah anak saya perlu mengikuti tes sebelum bisa diterima?,syarat_pendaftaran
Berkas apa saja yang harus dilengkapi saat mendaftar?,syarat_pendaftaran
Apakah calon santri wajib bisa membaca Al-Qur'an terlebih dahulu?,syarat_pendaftaran
Ketentuan apa saja yang berlaku bagi calon santri baru?,syarat_pendaftaran
Apakah ada persyaratan nilai akademik tertentu untuk masuk?,syarat_pendaftaran
Apa saja dokumen yang perlu disiapkan sebelum mendaftar?,syarat_pendaftaran
Apakah ada batasan usia bagi yang ingin mondok di sini?,syarat_pendaftaran
Bagaimana cara mengetahui persyaratan lengkap pendaftaran?,syarat_pendaftaran
Kira-kira berapa banyak biaya yang harus dikeluarkan untuk mendaftar?,biaya_pendidikan
Apakah ada iuran bulanan yang harus dibayarkan oleh santri?,biaya_pendidikan
Mohon rincian biaya yang dibutuhkan sejak awal masuk pesantren,biaya_pendidikan
Biaya apa saja yang harus disiapkan orang tua santri?,biaya_pendidikan
Apakah biaya makan dan asrama sudah masuk dalam satu paket?,biaya_pendidikan
Berapa estimasi pengeluaran selama satu tahun mondok?,biaya_pendidikan
Apakah tersedia keringanan atau beasiswa bagi santri kurang mampu?,biaya_pendidikan
Bagaimana sistem pembayaran biaya di pesantren ini?,biaya_pendidikan
Apakah biaya pendidikan berbeda antara jenjang satu dengan lainnya?,biaya_pendidikan
Berapa kisaran biaya bulanan yang perlu dibayarkan?,biaya_pendidikan
Tolong berikan saya tautan formulir pendaftaran santri baru,link_formulir
Di mana saya bisa menemukan formulir untuk mendaftar secara online?,link_formulir
Apakah pendaftaran bisa dilakukan melalui formulir digital?,link_formulir
Saya ingin mengisi formulir pendaftaran, ke mana saya harus pergi?,link_formulir
Apakah ada tautan resmi untuk mendaftar sebagai santri baru?,link_formulir
Bagaimana cara mengakses formulir pendaftaran online?,link_formulir
Mohon dikirimkan link formulir daftar santri,link_formulir
Saya tidak menemukan formulirnya, bisa bantu arahkan?,link_formulir
Apakah formulir pendaftaran tersedia dalam format digital?,link_formulir
Adakah link khusus untuk proses pendaftaran secara online?,link_formulir
Ke mana saya harus mengirimkan berkas-berkas pendaftaran saya?,kirim_dokumen
Bagaimana prosedur pengiriman dokumen persyaratan pendaftaran?,kirim_dokumen
Apakah saya bisa mengirimkan berkas melalui aplikasi pesan?,kirim_dokumen
Dokumen pendaftaran diserahkan dalam bentuk fisik atau digital?,kirim_dokumen
Kapan paling lambat dokumen pendaftaran harus dikirimkan?,kirim_dokumen
Apakah ada panduan khusus untuk mengunggah berkas pendaftaran?,kirim_dokumen
Bagaimana cara mengirim scan ijazah dan kartu keluarga?,kirim_dokumen
Apakah berkas bisa dikirim secara bertahap atau harus sekaligus?,kirim_dokumen
Saya kesulitan mengunggah dokumen, ada panduan langkah demi langkah?,kirim_dokumen
Apakah ada email atau nomor khusus untuk pengiriman berkas?,kirim_dokumen
Seperti apa gambaran keseharian santri selama di pesantren?,kegiatan_harian
Bisa ceritakan rutinitas harian yang dijalani santri?,kegiatan_harian
Apa yang biasanya dilakukan santri dari pagi hingga malam hari?,kegiatan_harian
Bagaimana pembagian waktu antara belajar agama dan sekolah formal?,kegiatan_harian
Apakah santri memiliki waktu istirahat dan bermain?,kegiatan_harian
Kegiatan apa yang menjadi prioritas utama dalam keseharian santri?,kegiatan_harian
Bagaimana jadwal tahfidz dan ngaji yang dijalani santri setiap hari?,kegiatan_harian
Apakah ada kegiatan ekstrakurikuler dalam jadwal harian santri?,kegiatan_harian
Pukul berapa santri memulai aktivitas di pagi hari?,kegiatan_harian
Bagaimana rutinitas ibadah santri sepanjang hari?,kegiatan_harian
Apakah pesantren ini memiliki lembaga pendidikan formal?,pendidikan_formal
Jenjang sekolah apa yang bisa ditempuh santri di sini?,pendidikan_formal
Apakah santri mendapatkan ijazah resmi dari sekolah formal?,pendidikan_formal
Bagaimana sistem pendidikan umum yang diterapkan di pesantren?,pendidikan_formal
Apakah kurikulum sekolah formal mengikuti standar pemerintah?,pendidikan_formal
Apakah tersedia jenjang SMP dan SMA di dalam pesantren?,pendidikan_formal
Bagaimana integrasi antara pendidikan agama dan pendidikan formal?,pendidikan_formal
Apakah santri bisa ikut ujian nasional dari pesantren ini?,pendidikan_formal
Sekolah formalnya diakui secara resmi oleh pemerintah tidak?,pendidikan_formal
Apakah pesantren ini menyediakan pendidikan tingkat menengah?,pendidikan_formal
Apa yang membedakan pesantren ini dari pondok lainnya?,program_unggulan
Program apa yang paling diunggulkan di pesantren ini?,program_unggulan
Apakah ada program khusus untuk memperdalam hafalan Al-Qur'an?,program_unggulan
Program apa yang paling banyak diminati santri di sini?,program_unggulan
Apakah ada kelas bahasa yang menjadi unggulan pesantren?,program_unggulan
Apa keistimewaan program pendidikan yang ditawarkan?,program_unggulan
Bagaimana program tahfidz dijalankan di pesantren ini?,program_unggulan
Apakah ada program pengembangan kepribadian dan karakter santri?,program_unggulan
Program apa saja yang tersedia selain kurikulum standar?,program_unggulan
Apa saja program pendidikan islam unggulan yang ada di sini?,program_unggulan
Bagaimana sistem pengasuhan dan pembinaan santri di pesantren?,faq_umum
Apakah orang tua bisa berkomunikasi dengan anak selama di pondok?,faq_umum
Apa visi dan misi utama pesantren dalam mendidik santri?,faq_umum
Apakah ada fasilitas olahraga dan rekreasi bagi santri?,faq_umum
Bagaimana pesantren menangani santri yang mengalami sakit?,faq_umum
Apakah pesantren ini sudah mendapatkan akreditasi resmi?,faq_umum
Berapa lama pesantren ini sudah beroperasi dan melayani santri?,faq_umum
Apakah santri diperbolehkan membawa barang elektronik ke pondok?,faq_umum
Bagaimana sistem kunjungan orang tua ke pesantren diatur?,faq_umum
Apakah ada layanan bimbingan konseling untuk santri?,faq_umum
Saya ingin bertanya langsung kepada pengurus pesantren,eskalasi_admin
Bisakah saya dihubungkan dengan staf yang menangani pendaftaran?,eskalasi_admin
Tolong saya diarahkan ke petugas yang bisa membantu lebih lanjut,eskalasi_admin
Saya ingin mendapatkan nomor kontak resmi pesantren,eskalasi_admin
Apakah ada admin yang bisa saya ajak bicara sekarang?,eskalasi_admin
Saya butuh penjelasan langsung dari pihak pesantren,eskalasi_admin
Boleh minta nomor WhatsApp pengurus untuk konfirmasi pendaftaran?,eskalasi_admin
Saya ingin berkomunikasi langsung dengan pihak yang berwenang,eskalasi_admin
Tolong sambungkan saya ke penanggung jawab penerimaan santri,eskalasi_admin
Saya ingin berbicara dengan seseorang di pesantren secara langsung,eskalasi_admin

